,IN,OUT
0,0.037021,0.020679
1,-0.174454,0.221008
2,0.052611,0.049691
